{
  "type": "UnitFactory",
  "name": "Heavy Factory",
  "description": "The Heavy Factory produces large, tracked, military or spice harvesting vehicles. Harvesters and tanks can be produced with a Heavy Factory."
  "health": 1000,
   "placeSound": "place-1",
  "placePitchChange": false,
  "destroySound": "destroy-big",
  "researchCostMultiplier": 1,
  "size": 5,
  "squareSprite": false,
  "consumes": {
    "power": 5
  },
  "plans": [
    {
      "unit": "tank",
      "requirements": [
        {
          "item": "spice",
          "amount": 100
        }
      ],
      "time": 1200
    },
    {
      "unit": "siege-tank",
      "requirements": [
        {
          "item": "spice",
          "amount": 150
        }
      ],
      "time": 1600
    },
    {
      "unit": "rocket-tank",
      "requirements": [
        {
          "item": "spice",
          "amount": 275
        }
      ],
      "time": 1800
    },
    {
      "unit": "mcv",
      "requirements": [
        {
          "item": "spice",
          "amount": 400
        }
      ],
      "time": 2400
    },
    {
      "unit": "harvester",
      "requirements": [
        {
          "item": "spice",
          "amount": 400
        }
      ],
      "time": 2400
    }
  ],
  "requirements": [
    {
      "item": "spice",
      "amount": 1200
    }
  ],
  "category": "units",
  "research": "spore-press"
}