{
  "research": {
    "requirements": [
      "silicon/1300"
    ]
  },
  "name": "Quad",
  "description": "The Quad is a lightly armored, four-wheeled vehicle which fires armor piercing incendiary rounds. The slower Quad is stronger than the Trike in both armor and firepower."
  "lightRadius": "145",
  "lightColor": "F3E979FF",
  "range": 168.0,
  "maxRange": 168.0,
  "fogRadius": 21.0,
  "type": "tank",
  "speed": 1.2,
  "hitSize": 12,
  "health": 300,
  "flying": false,
  "targetAir": false,
  "faceTarget": false,
  "rotateSpeed": 5,
  "weapons": [
    {
      "name": "quad-gun1",
      "mirror": false,
      "x": 0,
      "y": 0,
      "rotateSpeed": 3.5,
      "reload": 15,
      "recoil": 0.03,
      "shots": 1,
	  "shoot": {
	  "type": "ShootAlternate"
	  "spread": 2,
	  },
	  "shootX": 0,
      "inaccuracy": 3.0,
      "rotate": true,
      "shootSound": "pew",
      "bullet": {
        "type": "standardCopper",
        "speed": 5,
        "lifetime": 35,
        "damage": 20,
        "width": 5,
        "height": 7,
        "despawnEffect": "none",
        "knockback": 2
      }
    }
  ]
}
